cluster_id	sequence_id	start	end	tax_id	database	merged	length	pul_length_sum	percentage_in_puls	blast_status	domain	phylum	class	order	family	genus	species
PUL0413	JQ844187	25	31062	1181542	dbcan		31215	31037	99.42976133269262	false							
PUL0414	JN903693	25	31062	1194347	dbcan		31148	31037	99.64363683061512	false							
PUL0621	JABKKE010000002	129359	150740	2736291	dbcan		253660	21381	8.428999448080107	false	Bacteria	Bacteroidota	Bacteroidia	Bacteroidales	Bacteroidaceae	Prevotella	Prevotella rodentium
PUL0625	JABKKF010000013	29296	73074	2736291	dbcan		76661	43778	57.105960005739554	false	Bacteria	Bacteroidota	Bacteroidia	Bacteroidales	Bacteroidaceae	Prevotella	Prevotella muris
PUL0144	AP006878	1552919	1569129	311400	dbcan		2088737	16210	0.7760670682809755	false							
PUL0147	NZ_LT965930	17040	67290	227	dbcan		143981	50250	34.900438252269396	false	Bacteria	Pseudomonadota	Gammaproteobacteria	Enterobacterales	Alteromonadaceae	Pseudoalteromonas	Pseudoalteromonas carrageenovora
PUL0150	LT965928	1244357	1267465	227	dbcan		3620649	23108	0.6382281187709717	false	Bacteria	Pseudomonadota	Gammaproteobacteria	Enterobacterales	Alteromonadaceae	Pseudoalteromonas	Pseudoalteromonas carrageenovora
PUL0264	NZ_SEUH01000010	54056	99413	77608	dbcan		111950	45357	40.5154086645824	false	Bacteria	Pseudomonadota	Gammaproteobacteria	Enterobacterales	Alteromonadaceae	Pseudoalteromonas	Pseudoalteromonas carrageenovora
PUL0266	NC_012028	114293	135268	2247	dbcan		525943	20975	3.9880747533477963	false							
PUL0460	NZ_LSNE01000005	77024	114972	1799789	dbcan		925268	89045	9.623698215003653	false	Bacteria	Pseudomonadota	Gammaproteobacteria	Enterobacterales	Alteromonadaceae	Paraglaciecola	Paraglaciecola hydrolytica
PUL0693	NZ_CP090616	203954	225503	28169	dbcan		241480	21549	8.923720390922643	false	Bacteria	Pseudomonadota	Gammaproteobacteria	Enterobacterales	Vibrionaceae	Vibrio	Vibrio pelagius
PUL0796	NZ_LSNE01000005	187809	238906	1799789	dbcan		925268	89045	9.623698215003653	false	Bacteria	Pseudomonadota	Gammaproteobacteria	Enterobacterales	Alteromonadaceae	Paraglaciecola	Paraglaciecola hydrolytica
PUL0199	NC_007912	4176251	4200317	86304	dbcan		5057531	24066	0.4758448341690837	false	Bacteria	Pseudomonadota	Gammaproteobacteria	Pseudomonadales	Cellvibrionaceae	Saccharophagus	Saccharophagus degradans
PUL0320	CP001393	1929397	1982736	31899	dbcan		2919718	53339	1.826854511291844	false	Bacteria	Bacillota	Thermoanaerobacteria	Caldicellulosiruptorales	Caldicellulosiruptoraceae	Caldicellulosiruptor	Caldicellulosiruptor bescii
PUL0322	NZ_LACM01000001	2094992	2154688	1387557	dbcan		2834482	59696	2.1060638240073497	false	Bacteria	Bacillota	Thermoanaerobacteria	Caldicellulosiruptorales	Caldicellulosiruptoraceae	Caldicellulosiruptor	Caldicellulosiruptor danielii
PUL0694	CP001393	212375	236250	31899	dbcan		2919718	52084	1.7838709080808488	false	Bacteria	Bacillota	Thermoanaerobacteria	Caldicellulosiruptorales	Caldicellulosiruptoraceae	Caldicellulosiruptor	Caldicellulosiruptor bescii
PUL0695	CP001393	697213	703783	31899	dbcan		2919718	52084	1.7838709080808488	false	Bacteria	Bacillota	Thermoanaerobacteria	Caldicellulosiruptorales	Caldicellulosiruptoraceae	Caldicellulosiruptor	Caldicellulosiruptor bescii
PUL0696	CP001393	939000	956668	31899	dbcan		2919718	52084	1.7838709080808488	false	Bacteria	Bacillota	Thermoanaerobacteria	Caldicellulosiruptorales	Caldicellulosiruptoraceae	Caldicellulosiruptor	Caldicellulosiruptor bescii
PUL0697	CP001393	2873292	2877263	31899	dbcan		2919718	52084	1.7838709080808488	false	Bacteria	Bacillota	Thermoanaerobacteria	Caldicellulosiruptorales	Caldicellulosiruptoraceae	Caldicellulosiruptor	Caldicellulosiruptor bescii
PUL0054	CP003873	1019219	1032616	28108	dbcan		4629479	13397	0.2893846154178472	false	Bacteria	Pseudomonadota	Gammaproteobacteria	Enterobacterales	Alteromonadaceae	Alteromonas	Alteromonas macleodii
PUL0126	LR136958	1950044	1962304	2358187	dbcan		4731105	31860	0.6734156185500004	false	Bacteria	Pseudomonadota	Gammaproteobacteria	Enterobacterales	Alteromonadaceae	Alteromonas	Alteromonas naphthalenivorans
PUL0127	LR136958	3936797	3956397	2358187	dbcan		4731105	31860	0.6734156185500004	false	Bacteria	Pseudomonadota	Gammaproteobacteria	Enterobacterales	Alteromonadaceae	Alteromonas	Alteromonas naphthalenivorans
PUL0400	CABDWQ010000001	1088947	1111260	28108	dbcan		4672348	80584	1.7247003005769261	false	Bacteria	Pseudomonadota	Gammaproteobacteria	Enterobacterales	Alteromonadaceae	Alteromonas	Alteromonas macleodii
PUL0401	CABDWQ010000001	4308631	4326179	28108	dbcan		4672348	80584	1.7247003005769261	false	Bacteria	Pseudomonadota	Gammaproteobacteria	Enterobacterales	Alteromonadaceae	Alteromonas	Alteromonas macleodii
PUL0403	CABDWQ010000001	4637792	4645257	28108	dbcan		4672348	80584	1.7247003005769261	false	Bacteria	Pseudomonadota	Gammaproteobacteria	Enterobacterales	Alteromonadaceae	Alteromonas	Alteromonas macleodii
PUL0404	CABDWQ010000001	2755697	2777573	28108	dbcan		4672348	80584	1.7247003005769261	false	Bacteria	Pseudomonadota	Gammaproteobacteria	Enterobacterales	Alteromonadaceae	Alteromonas	Alteromonas macleodii
PUL0405	CABDWQ010000001	4433602	4444984	28108	dbcan		4672348	80584	1.7247003005769261	false	Bacteria	Pseudomonadota	Gammaproteobacteria	Enterobacterales	Alteromonadaceae	Alteromonas	Alteromonas macleodii
PUL0005	NC_003212	1844298	1849726	1642	dbcan		3011208	5428	0.1802598824126397	false	Bacteria	Bacillota	Bacilli	Lactobacillales	Listeriaceae	Listeria	Listeria innocua
PUL0744	NC_002973	2802883	2807265	1639	dbcan		2905187	4382	0.15083366406362136	false	Bacteria	Bacillota	Bacilli	Lactobacillales	Listeriaceae	Listeria	Listeria monocytogenes_B
PUL0018	CP000410	285154	298903	1313	dbcan		2038615	23668	1.1609842957105683	false	Bacteria	Bacillota	Bacilli	Lactobacillales	Streptococcaceae	Streptococcus	Streptococcus pneumoniae
PUL0037	AE005672	1798266	1808537	1313	dbcan		2160842	47935	2.218348217963183	false	Bacteria	Bacillota	Bacilli	Lactobacillales	Streptococcaceae	Streptococcus	Streptococcus pneumoniae
PUL0194	AE005672	2050572	2061389	1313	dbcan		2160842	47935	2.218348217963183	false	Bacteria	Bacillota	Bacilli	Lactobacillales	Streptococcaceae	Streptococcus	Streptococcus pneumoniae
PUL0245	AE005672	2072292	2085657	1313	dbcan		2160842	47935	2.218348217963183	false	Bacteria	Bacillota	Bacilli	Lactobacillales	Streptococcaceae	Streptococcus	Streptococcus pneumoniae
PUL0277	AE005672	1624067	1629762	1313	dbcan		2160842	47935	2.218348217963183	false	Bacteria	Bacillota	Bacilli	Lactobacillales	Streptococcaceae	Streptococcus	Streptococcus pneumoniae
PUL0278	AE005672	1710372	1718159	1313	dbcan		2160842	47935	2.218348217963183	false	Bacteria	Bacillota	Bacilli	Lactobacillales	Streptococcaceae	Streptococcus	Streptococcus pneumoniae
PUL0279	CP000410	1598353	1605802	1313	dbcan		2046116	13992	0.6838321971970308	false	Bacteria	Bacillota	Bacilli	Lactobacillales	Streptococcaceae	Streptococcus	Streptococcus pneumoniae
PUL0486	CP000410	1687193	1697463	1313	dbcan		2038615	16814	0.8247756442486688	false	Bacteria	Bacillota	Bacilli	Lactobacillales	Streptococcaceae	Streptococcus	Streptococcus pneumoniae
PUL0519	CP000410	1903270	1913187	1313	dbcan		2038615	23668	1.1609842957105683	false	Bacteria	Bacillota	Bacilli	Lactobacillales	Streptococcaceae	Streptococcus	Streptococcus pneumoniae
PUL0585_PUL0186	CP000410	274549	281092	1313	dbcan	merged	2046116	13992	0.6838321971970308	false	Bacteria	Bacillota	Bacilli	Lactobacillales	Streptococcaceae	Streptococcus	Streptococcus pneumoniae
PUL0454	CP003170	4053711	4085799	134676	dbcan		9239851	32088	0.34727832732367653	false	Bacteria	Actinomycetota	Actinomycetes	Mycobacteriales	Micromonosporaceae	Actinoplanes	Actinoplanes sp900119315
PUL0568	NZ_CP010086	6311368	6316315	1520	dbcan		6485394	4947	0.07627909730696393	false	Bacteria	Bacillota	Clostridia	Clostridiales	Clostridiaceae	Clostridium	Clostridium beijerinckii
PUL0028	NZ_AAYG02000020	134626	149292	33038	dbcan		167462	14666	8.757807741457764	false	Bacteria	Bacillota	Clostridia	Lachnospirales	Lachnospiraceae	Ruminococcus_B	Ruminococcus_B gnavus
PUL0340	LT674130	36	29087	77133	dbcan		29180	29051	99.55791638108293	false	Bacteria	Bacillota	Clostridia	Lachnospirales	Lachnospiraceae	Lachnospira	Lachnospira eligens
PUL0341_PUL0343	LT674131	1	35638	77133	dbcan	merged_blast	35820	35637	99.48911222780569	true							
PUL0595	FP929042	2173768	2180902	39491	dbcan		3344951	12691	0.3794076505156578	false	Bacteria	Bacillota	Clostridia	Lachnospirales	Lachnospiraceae	Agathobacter	Agathobacter rectalis
PUL0596	FP929042	196460	202017	39491	dbcan		3344951	12691	0.3794076505156578	false	Bacteria	Bacillota	Clostridia	Lachnospirales	Lachnospiraceae	Agathobacter	Agathobacter rectalis
PUL0608	NC_015977	885483	897323	301301	dbcan		3592125	31254	0.8700699446706337	false	Bacteria	Bacillota	Clostridia	Lachnospirales	Lachnospiraceae	Roseburia	Roseburia hominis
PUL0633	AP042441	3337880	3345121	301302	dbcan		3385412	7241	0.21388829483678795	true	Bacteria	Bacillota	Clostridia	Lachnospirales	Lachnospiraceae	Agathobacter	Agathobacter faecis
PUL0634	NC_012781	236959	244278	39491	dbcan		3449685	7319	0.21216429905918946	false	Bacteria	Bacillota	Clostridia	Lachnospirales	Lachnospiraceae	Agathobacter	Agathobacter rectalis
PUL0638	AP028031	763560	771397	649756	dbcan		2804089	7837	0.27948470965079925	true	Bacteria	Bacillota	Clostridia	Lachnospirales	Lachnospiraceae	Anaerostipes	Anaerostipes hadrus
PUL0639	AP028031	640913	646823	649756	dbcan		100419	5911	5.886336251107858	false	Bacteria	Bacillota	Clostridia	Lachnospirales	Lachnospiraceae	Anaerostipes	Anaerostipes hadrus
PUL0640	AP028031	2251545	2263102	649756	dbcan		127508	11558	9.064529284437056	false	Bacteria	Bacillota	Clostridia	Lachnospirales	Lachnospiraceae	Anaerostipes	Anaerostipes hadrus
PUL0699	NC_015977	2480616	2500030	585394	dbcan		3592125	31254	0.8700699446706337	false	Bacteria	Bacillota	Clostridia	Lachnospirales	Lachnospiraceae	Roseburia	Roseburia hominis
PUL0754	NZ_GG657685	174321	185015	53443	dbcan		474463	10694	2.2539165330067887	false	Bacteria	Bacillota	Clostridia	Lachnospirales	Lachnospiraceae	Blautia_A	Blautia_A hydrogenotrophica
PUL0001	LR027880	1162413	1181577	166486	dbcan		254337	19157	7.532132564274958	false	Bacteria	Bacillota	Clostridia	Lachnospirales	Lachnospiraceae	Roseburia	Roseburia intestinalis
PUL0099	LR027880	217565	227093	166486	dbcan		4493348	9528	0.2120467856039639	true	Bacteria	Bacillota	Clostridia	Lachnospirales	Lachnospiraceae	Roseburia	Roseburia intestinalis
PUL0635	NZ_BLYL01000002	70950	76292	33043	dbcan		261617	5342	2.041916236330208	false	Bacteria	Bacillota	Clostridia	Lachnospirales	Lachnospiraceae	Coprococcus	Coprococcus aceti
PUL0642	LR027880	4318380	4338276	166486	dbcan		4493348	19896	0.4427878722057584	false	Bacteria	Bacillota	Clostridia	Lachnospirales	Lachnospiraceae	Roseburia	Roseburia intestinalis
PUL0107	LR131275	175	27831	77133	dbcan		27897	27656	99.13610782521418	false	Bacteria	Bacillota	Clostridia	Oscillospirales	Ruminococcaceae	Faecalibacterium	Faecalibacterium duncaniae
PUL0113	NZ_CP022479	2470888	2497028	853	dbcan		556161	26190	4.709068057630794	false	Bacteria	Bacillota	Clostridia	Oscillospirales	Ruminococcaceae	Faecalibacterium	Faecalibacterium duncaniae
PUL0637	NZ_CP022479	1869091	1875620	853	dbcan		3110044	6529	0.209932721209089	false	Bacteria	Bacillota	Clostridia	Oscillospirales	Ruminococcaceae	Faecalibacterium	Faecalibacterium duncaniae
PUL0658	NC_021020	1747686	1765259	853	dbcan		3214418	23132	0.7196326053425535	false	Bacteria	Bacillota	Clostridia	Oscillospirales	Ruminococcaceae	Faecalibacterium	Faecalibacterium prausnitzii
PUL0659	NC_021020	989705	995264	853	dbcan		3214418	23132	0.7196326053425535	false	Bacteria	Bacillota	Clostridia	Oscillospirales	Ruminococcaceae	Faecalibacterium	Faecalibacterium prausnitzii
PUL0248	AE016795	775591	796807	672	dbcan		3281866	21216	0.646461494771572	false	Bacteria	Pseudomonadota	Gammaproteobacteria	Enterobacterales	Vibrionaceae	Vibrio	Vibrio vulnificus_B
PUL0691	NZ_CP090614	182893	204524	28169	dbcan		3057872	21631	0.707387359575548	false	Bacteria	Pseudomonadota	Gammaproteobacteria	Enterobacterales	Vibrionaceae	Vibrio	Vibrio pelagius
PUL0017	CP001348	2466252	2481041	1521	dbcan		4068724	94353	2.3189825606258867	false	Bacteria	Bacillota	Clostridia	Acetivibrionales	DSM-27016	Ruminiclostridium	Ruminiclostridium cellulolyticum
PUL0083	CP119677	2232177	2256831	29362	dbcan		5027861	30791	0.6124075426906194	true	Bacteria	Bacillota	Clostridia	Acetivibrionales	DSM-27016	Ruminiclostridium	Ruminiclostridium papyrosolvens
PUL0084	CP119677	1153240	1178123	29362	dbcan		471863	30745	6.51566238505668	false	Bacteria	Bacillota	Clostridia	Acetivibrionales	DSM-27016	Ruminiclostridium	Ruminiclostridium papyrosolvens
PUL0085	CP119677	2269356	2275493	29362	dbcan		5027861	30791	0.6124075426906194	true	Bacteria	Bacillota	Clostridia	Acetivibrionales	DSM-27016	Ruminiclostridium	Ruminiclostridium papyrosolvens
PUL0086	CP119677	1180643	1186505	29362	dbcan		471863	30745	6.51566238505668	false	Bacteria	Bacillota	Clostridia	Acetivibrionales	DSM-27016	Ruminiclostridium	Ruminiclostridium papyrosolvens
PUL0087	CP119677	2499288	2505211	29362	dbcan		237393	5924	2.4954400508860832	false	Bacteria	Bacillota	Clostridia	Acetivibrionales	DSM-27016	Ruminiclostridium	Ruminiclostridium papyrosolvens
PUL0089	CP119677	3808139	3810655	29362	dbcan		699012	2517	0.36007965528488783	false	Bacteria	Bacillota	Clostridia	Acetivibrionales	DSM-27016	Ruminiclostridium	Ruminiclostridium papyrosolvens
PUL0224_PUL0114	CP001348	1502003	1537237	1521	dbcan	merged	4068724	94353	2.3189825606258867	false	Bacteria	Bacillota	Clostridia	Acetivibrionales	DSM-27016	Ruminiclostridium	Ruminiclostridium cellulolyticum
PUL0385_PUL0040	CP001348	838275	864108	1521	dbcan	merged	4068724	94353	2.3189825606258867	false	Bacteria	Bacillota	Clostridia	Acetivibrionales	DSM-27016	Ruminiclostridium	Ruminiclostridium cellulolyticum
PUL0743	CP001348	1548963	1567460	1521	dbcan		4068724	94353	2.3189825606258867	false	Bacteria	Bacillota	Clostridia	Acetivibrionales	DSM-27016	Ruminiclostridium	Ruminiclostridium cellulolyticum
PUL0654	NZ_CAJQES010000007	56564	116108	320912	dbcan		132542	59544	44.92462766519292	false	Bacteria	Bacteroidota	Bacteroidia	Flavobacteriales	Flavobacteriaceae	Maribacter	Maribacter dokdonensis
PUL0655	NZ_CAJQES010000017	10692	25936	320912	dbcan		80886	15244	18.84627747694286	false	Bacteria	Bacteroidota	Bacteroidia	Flavobacteriales	Flavobacteriaceae	Maribacter	Maribacter dokdonensis
PUL0737	NZ_VISB01000001	216319	247401	1250050	dbcan		4347041	183411	4.219214863627926	false	Bacteria	Bacteroidota	Bacteroidia	Flavobacteriales	Flavobacteriaceae	Maribacter	Maribacter sedimenticola
PUL0738	NZ_VISB01000001	3238797	3314997	1250050	dbcan		4347041	183411	4.219214863627926	false	Bacteria	Bacteroidota	Bacteroidia	Flavobacteriales	Flavobacteriaceae	Maribacter	Maribacter sedimenticola
PUL0739	NZ_VISB01000001	3898483	3974612	1250050	dbcan		4347041	183411	4.219214863627926	false	Bacteria	Bacteroidota	Bacteroidia	Flavobacteriales	Flavobacteriaceae	Maribacter	Maribacter sedimenticola
PUL0068	AM886293	23902	29914	562	dbcan		168113	6012	3.576166031181408	false							
PUL0100	CP176406	2262616	2267848	562	dbcan		4653240	5233	0.11245927568747797	false	Bacteria	Pseudomonadota	Gammaproteobacteria	Enterobacterales	Enterobacteriaceae	Escherichia	Escherichia coli
PUL0111	CP176406	4497621	4501690	562	dbcan		4641652	4070	0.08768429860747855	false	Bacteria	Pseudomonadota	Gammaproteobacteria	Enterobacterales	Enterobacteriaceae	Escherichia	Escherichia coli
PUL0291	CP176406	4765689	4777539	562	dbcan		4659625	11851	0.2543337714944872	false	Bacteria	Pseudomonadota	Gammaproteobacteria	Enterobacterales	Enterobacteriaceae	Escherichia	Escherichia coli
PUL0311	CP176406	236596	245931	562	dbcan		4527247	9336	0.20621803935150876	false	Bacteria	Pseudomonadota	Gammaproteobacteria	Enterobacterales	Enterobacteriaceae	Escherichia	Escherichia coli
PUL0321	NC_007946	1676979	1683154	562	dbcan		5065741	6175	0.12189727031050344	false	Bacteria	Pseudomonadota	Gammaproteobacteria	Enterobacterales	Enterobacteriaceae	Escherichia	Escherichia coli
PUL0351	CP098927	3322685	3327569	562	dbcan		5310763	4884	0.09196418669031173	true	Bacteria	Pseudomonadota	Gammaproteobacteria	Enterobacterales	Enterobacteriaceae	Escherichia	Escherichia coli
PUL0366	CP176406	657716	669191	562	dbcan		4960033	11475	0.23134926723269786	true	Bacteria	Pseudomonadota	Gammaproteobacteria	Enterobacterales	Enterobacteriaceae	Escherichia	Escherichia coli
PUL0410	AOMX01000002	934681	941265	562	dbcan		2315828	6584	0.28430436111835594	false	Bacteria	Pseudomonadota	Gammaproteobacteria	Enterobacterales	Enterobacteriaceae	Escherichia	Escherichia coli
PUL0571	AE006468	1390110	1397061	28901	dbcan		4857450	6951	0.14309977457307846	false	Bacteria	Pseudomonadota	Gammaproteobacteria	Enterobacterales	Enterobacteriaceae	Salmonella	Salmonella enterica
PUL0605	CP176406	356354	365721	562	dbcan		4643559	9368	0.20174181053799467	false	Bacteria	Pseudomonadota	Gammaproteobacteria	Enterobacterales	Enterobacteriaceae	Escherichia	Escherichia coli
PUL0675	CP132737	283970	289804	573	dbcan		355922	5834	1.639123178673979	true							
PUL0751	NZ_JAEFCJ010000001	3865119	3871380	562	dbcan		5176680	6261	0.12094624353832958	false	Bacteria	Pseudomonadota	Gammaproteobacteria	Enterobacterales	Enterobacteriaceae	Escherichia	Escherichia coli
PUL0710	NC_010655	641820	650608	239935	dbcan		2664102	16216	0.6086854031865147	false	Bacteria	Verrucomicrobiota	Verrucomicrobiia	Verrucomicrobiales	Akkermansiaceae	Akkermansia	Akkermansia muciniphila
PUL0711	NC_010655	1310567	1317995	239935	dbcan		2664102	16216	0.6086854031865147	false	Bacteria	Verrucomicrobiota	Verrucomicrobiia	Verrucomicrobiales	Akkermansiaceae	Akkermansia	Akkermansia muciniphila
PUL0728	JABDHV010000033	5144	33037	239935	dbcan		33560	27893	83.11382598331348	false	Bacteria	Verrucomicrobiota	Verrucomicrobiia	Verrucomicrobiales	Akkermansiaceae	Akkermansia	Akkermansia biwaensis
PUL0137	CP028460	589943	596176	302912	dbcan		1932687	60037	3.106400570811518	false	Bacteria	Actinomycetota	Actinomycetes	Actinomycetales	Bifidobacteriaceae	Bifidobacterium	Bifidobacterium animalis
PUL0138	CP028460	1879108	1890055	302912	dbcan		1932687	60037	3.106400570811518	false	Bacteria	Actinomycetota	Actinomycetes	Actinomycetales	Bifidobacteriaceae	Bifidobacterium	Bifidobacterium animalis
PUL0139	CP028460	61377	75411	302912	dbcan		1932687	60037	3.106400570811518	false	Bacteria	Actinomycetota	Actinomycetes	Actinomycetales	Bifidobacteriaceae	Bifidobacterium	Bifidobacterium animalis
PUL0140	CP028460	622448	639066	302912	dbcan		1932687	60037	3.106400570811518	false	Bacteria	Actinomycetota	Actinomycetes	Actinomycetales	Bifidobacteriaceae	Bifidobacterium	Bifidobacterium animalis
PUL0141	CP028460	153312	158539	302912	dbcan		1932687	60037	3.106400570811518	false	Bacteria	Actinomycetota	Actinomycetes	Actinomycetales	Bifidobacteriaceae	Bifidobacterium	Bifidobacterium animalis
PUL0142	CP028460	1843829	1850807	302912	dbcan		1932687	60037	3.106400570811518	false	Bacteria	Actinomycetota	Actinomycetes	Actinomycetales	Bifidobacteriaceae	Bifidobacterium	Bifidobacterium animalis
PUL0271	CP180383	53582	59598	302911	dbcan		1938709	63302	3.2651625385759284	false	Bacteria	Actinomycetota	Actinomycetes	Actinomycetales	Bifidobacteriaceae	Bifidobacterium	Bifidobacterium animalis
PUL0272	CP180383	565002	571129	302911	dbcan		1938709	63302	3.2651625385759284	false	Bacteria	Actinomycetota	Actinomycetes	Actinomycetales	Bifidobacteriaceae	Bifidobacterium	Bifidobacterium animalis
PUL0273	CP180383	574209	581179	302911	dbcan		1938709	63302	3.2651625385759284	false	Bacteria	Actinomycetota	Actinomycetes	Actinomycetales	Bifidobacteriaceae	Bifidobacterium	Bifidobacterium animalis
PUL0274	CP180383	604443	622291	302911	dbcan		1938709	63302	3.2651625385759284	false	Bacteria	Actinomycetota	Actinomycetes	Actinomycetales	Bifidobacteriaceae	Bifidobacterium	Bifidobacterium animalis
PUL0275	CP180383	1851242	1863865	302911	dbcan		1938709	63302	3.2651625385759284	false	Bacteria	Actinomycetota	Actinomycetes	Actinomycetales	Bifidobacteriaceae	Bifidobacterium	Bifidobacterium animalis
PUL0276	CP180383	1889744	1903456	302911	dbcan		1938709	63302	3.2651625385759284	false	Bacteria	Actinomycetota	Actinomycetes	Actinomycetales	Bifidobacteriaceae	Bifidobacterium	Bifidobacterium animalis
PUL0455	CP180383	153068	157546	28025	dbcan		1944301	4478	0.23031413345978838	true	Bacteria	Actinomycetota	Actinomycetes	Actinomycetales	Bifidobacteriaceae	Bifidobacterium	Bifidobacterium animalis
PUL0212	NC_008618	2006567	2020309	1680	dbcan		2089645	36014	1.7234506339593567	false	Bacteria	Actinomycetota	Actinomycetes	Actinomycetales	Bifidobacteriaceae	Bifidobacterium	Bifidobacterium adolescentis
PUL0213	NC_008618	2044437	2051250	1680	dbcan		2089645	36014	1.7234506339593567	false	Bacteria	Actinomycetota	Actinomycetes	Actinomycetales	Bifidobacteriaceae	Bifidobacterium	Bifidobacterium adolescentis
PUL0214	NC_008618	1763016	1778475	1680	dbcan		2089645	36014	1.7234506339593567	false	Bacteria	Actinomycetota	Actinomycetes	Actinomycetales	Bifidobacteriaceae	Bifidobacterium	Bifidobacterium adolescentis
PUL0673	NZ_AP012330	2208139	2217803	28026	dbcan		2313752	9664	0.41767657034980415	false	Bacteria	Actinomycetota	Actinomycetes	Actinomycetales	Bifidobacteriaceae	Bifidobacterium	Bifidobacterium pseudocatenulatum
PUL0792	NZ_CP079235	549827	573387	28026	dbcan		2316707	23560	1.01696071190703	false	Bacteria	Actinomycetota	Actinomycetes	Actinomycetales	Bifidobacteriaceae	Bifidobacterium	Bifidobacterium pseudocatenulatum
PUL0122	CP007013	1598265	1608135	2336	dbcan		1869644	9870	0.527907986761116	false	Bacteria	Thermotogota	Thermotogae	Thermotogales	Thermotogaceae	Thermotoga	Thermotoga maritima
PUL0361	CP007013	997862	1008239	2336	dbcan		1869644	10377	0.5550254486950457	false	Bacteria	Thermotogota	Thermotogae	Thermotogales	Thermotogaceae	Thermotoga	Thermotoga maritima
PUL0390	CP007013	864165	893990	2336	dbcan		1860725	29826	1.602923591610797	false	Bacteria	Thermotogota	Thermotogae	Thermotogales	Thermotogaceae	Thermotoga	Thermotoga maritima
PUL0423	CP001128	1794307	1798686	2337	dbcan		1884540	4379	0.23236439661668098	true	Bacteria	Thermotogota	Thermotogae	Thermotogales	Thermotogaceae	Thermotoga	Thermotoga neapolitana
PUL0029	NC_015067	2209677	2271573	216816	dbcan		2385164	79112	3.316836913520412	false	Bacteria	Actinomycetota	Actinomycetes	Actinomycetales	Bifidobacteriaceae	Bifidobacterium	Bifidobacterium longum
PUL0031	AE014295	126816	130943	216816	dbcan		2256640	8602	0.38118618831537154	false	Bacteria	Actinomycetota	Actinomycetes	Actinomycetales	Bifidobacteriaceae	Bifidobacterium	Bifidobacterium longum
PUL0032	AE014295	1500956	1505431	216816	dbcan		2256640	8602	0.38118618831537154	false	Bacteria	Actinomycetota	Actinomycetes	Actinomycetales	Bifidobacteriaceae	Bifidobacterium	Bifidobacterium longum
PUL0294	PJEE01000011	293988	308944	216816	dbcan		519233	14956	2.8804024397524812	false	Bacteria	Actinomycetota	Actinomycetes	Actinomycetales	Bifidobacteriaceae	Bifidobacterium	Bifidobacterium longum
PUL0295	CP016019	2281257	2308155	216816	dbcan		2421287	26898	1.1108968081850685	true	Bacteria	Actinomycetota	Actinomycetes	Actinomycetales	Bifidobacteriaceae	Bifidobacterium	Bifidobacterium longum
PUL0296	PJDT01000028	157706	165136	216816	dbcan		178408	7430	4.164611452401237	false	Bacteria	Actinomycetota	Actinomycetes	Actinomycetales	Bifidobacteriaceae	Bifidobacterium	Bifidobacterium longum
PUL0297	CP137048	448419	460518	216816	dbcan		2393385	12099	0.5055183349105974	true	Bacteria	Actinomycetota	Actinomycetes	Actinomycetales	Bifidobacteriaceae	Bifidobacterium	Bifidobacterium longum
PUL0298	NZ_PJEE01000001	419370	431274	216816	dbcan		454785	11904	2.617500577195818	false	Bacteria	Actinomycetota	Actinomycetes	Actinomycetales	Bifidobacteriaceae	Bifidobacterium	Bifidobacterium longum
PUL0300	NZ_PJDO01000018	15593	34141	216816	dbcan		117618	18548	15.769695114693329	false	Bacteria	Actinomycetota	Actinomycetes	Actinomycetales	Bifidobacteriaceae	Bifidobacterium	Bifidobacterium longum
PUL0367	AE014295	1171511	1175802	216816	dbcan		2256640	4291	0.19014995745887692	false	Bacteria	Actinomycetota	Actinomycetes	Actinomycetales	Bifidobacteriaceae	Bifidobacterium	Bifidobacterium longum
PUL0368	CP001095	2595574	2636747	1682	dbcan		2832748	41173	1.453464974646527	false	Bacteria	Actinomycetota	Actinomycetes	Actinomycetales	Bifidobacteriaceae	Bifidobacterium	Bifidobacterium infantis
PUL0650	NZ_AP022379	35557	47456	216816	dbcan		2273627	11899	0.5233488166704565	false	Bacteria	Actinomycetota	Actinomycetes	Actinomycetales	Bifidobacteriaceae	Bifidobacterium	Bifidobacterium longum
PUL0720	NC_015067	266861	284077	216816	dbcan		2385164	79112	3.316836913520412	false	Bacteria	Actinomycetota	Actinomycetes	Actinomycetales	Bifidobacteriaceae	Bifidobacterium	Bifidobacterium longum
PUL0735	CP137763	2194069	2220986	216816	dbcan		2378960	26917	1.1314608064027978	true	Bacteria	Actinomycetota	Actinomycetes	Actinomycetales	Bifidobacteriaceae	Bifidobacterium	Bifidobacterium longum
PUL0740	CP001095	2442411	2445795	216816	dbcan		2832748	17474	0.616856847132184	false	Bacteria	Actinomycetota	Actinomycetes	Actinomycetales	Bifidobacteriaceae	Bifidobacterium	Bifidobacterium infantis
PUL0741	CP001095	2558878	2565276	216816	dbcan		2832748	17474	0.616856847132184	false	Bacteria	Actinomycetota	Actinomycetes	Actinomycetales	Bifidobacteriaceae	Bifidobacterium	Bifidobacterium infantis
PUL0742	CP001095	395169	402861	216816	dbcan		2832748	17474	0.616856847132184	false	Bacteria	Actinomycetota	Actinomycetes	Actinomycetales	Bifidobacteriaceae	Bifidobacterium	Bifidobacterium infantis
PUL0232	CP000303	2337397	2344915	1685	dbcan		2422684	43660	1.802133501521453	false	Bacteria	Actinomycetota	Actinomycetes	Actinomycetales	Bifidobacteriaceae	Bifidobacterium	Bifidobacterium breve
PUL0233	CP000303	2325349	2332210	1685	dbcan		2422684	43660	1.802133501521453	false	Bacteria	Actinomycetota	Actinomycetes	Actinomycetales	Bifidobacteriaceae	Bifidobacterium	Bifidobacterium breve
PUL0283	CP000303	555379	565250	1685	dbcan		2422684	43660	1.802133501521453	false	Bacteria	Actinomycetota	Actinomycetes	Actinomycetales	Bifidobacteriaceae	Bifidobacterium	Bifidobacterium breve
PUL0284	CP000303	1928568	1934764	1685	dbcan		2422684	43660	1.802133501521453	false	Bacteria	Actinomycetota	Actinomycetes	Actinomycetales	Bifidobacteriaceae	Bifidobacterium	Bifidobacterium breve
PUL0285	CP000303	707814	714874	1685	dbcan		2422684	43660	1.802133501521453	false	Bacteria	Actinomycetota	Actinomycetes	Actinomycetales	Bifidobacteriaceae	Bifidobacterium	Bifidobacterium breve
PUL0347	CP006712	1904821	1922254	1685	dbcan		2288919	17433	0.7616259028825397	false	Bacteria	Actinomycetota	Actinomycetes	Actinomycetales	Bifidobacteriaceae	Bifidobacterium	Bifidobacterium breve
PUL0578	CP000303	153080	159234	1685	dbcan		2422684	43660	1.802133501521453	false	Bacteria	Actinomycetota	Actinomycetes	Actinomycetales	Bifidobacteriaceae	Bifidobacterium	Bifidobacterium breve
PUL0606	CP000303	389206	393826	1685	dbcan		2422684	4620	0.19069758994569658	false	Bacteria	Actinomycetota	Actinomycetes	Actinomycetales	Bifidobacteriaceae	Bifidobacterium	Bifidobacterium breve
PUL0034	CP001655	2245522	2247504	556	dbcan		4813854	7891	0.16392271140753334	false	Bacteria	Pseudomonadota	Gammaproteobacteria	Enterobacterales	Enterobacteriaceae	Dickeya	Dickeya chrysanthemi
PUL0035	CP001655	2247754	2253663	556	dbcan		4813854	7891	0.16392271140753334	false	Bacteria	Pseudomonadota	Gammaproteobacteria	Enterobacterales	Enterobacteriaceae	Dickeya	Dickeya chrysanthemi
PUL0209	CP002038	3416624	3428226	204038	dbcan		4922802	22897	0.4651212866168495	false	Bacteria	Pseudomonadota	Gammaproteobacteria	Enterobacterales	Enterobacteriaceae	Dickeya	Dickeya dadantii
PUL0373	CP002038	406834	413500	204038	dbcan		4922802	22897	0.4651212866168495	false	Bacteria	Pseudomonadota	Gammaproteobacteria	Enterobacterales	Enterobacteriaceae	Dickeya	Dickeya dadantii
PUL0374	CP002038	1781030	1785659	204038	dbcan		4922802	22897	0.4651212866168495	false	Bacteria	Pseudomonadota	Gammaproteobacteria	Enterobacterales	Enterobacteriaceae	Dickeya	Dickeya dadantii
PUL0053	AM743169	2619918	2632750	40324	dbcan		4851126	12832	0.26451590826542126	false	Bacteria	Pseudomonadota	Gammaproteobacteria	Xanthomonadales	Xanthomonadaceae	Stenotrophomonas	Stenotrophomonas maltophilia
PUL0169	AM039952	3088883	3109438	456327	dbcan		5178466	20555	0.39693221892351904	false	Bacteria	Pseudomonadota	Gammaproteobacteria	Xanthomonadales	Xanthomonadaceae	Xanthomonas	Xanthomonas euvesicatoria
PUL0211	AE008922	3414366	3434455	340	dbcan		5076188	62493	1.231100975771583	false	Bacteria	Pseudomonadota	Gammaproteobacteria	Xanthomonadales	Xanthomonadaceae	Xanthomonas	Xanthomonas campestris
PUL0362	AE008922	3996974	4004221	340	dbcan		5076188	62493	1.231100975771583	false	Bacteria	Pseudomonadota	Gammaproteobacteria	Xanthomonadales	Xanthomonadaceae	Xanthomonas	Xanthomonas campestris
PUL0363	AE008922	150292	155526	340	dbcan		5076188	62493	1.231100975771583	false	Bacteria	Pseudomonadota	Gammaproteobacteria	Xanthomonadales	Xanthomonadaceae	Xanthomonas	Xanthomonas campestris
PUL0364	AE008922	4895164	4909294	340	dbcan		5076188	62493	1.231100975771583	false	Bacteria	Pseudomonadota	Gammaproteobacteria	Xanthomonadales	Xanthomonadaceae	Xanthomonas	Xanthomonas campestris
PUL0365	AE008922	2926204	2941997	340	dbcan		5076188	62493	1.231100975771583	false	Bacteria	Pseudomonadota	Gammaproteobacteria	Xanthomonadales	Xanthomonadaceae	Xanthomonas	Xanthomonas campestris
PUL0387	AE008922	4057997	4068416	340	dbcan		5076188	10419	0.2052524453389039	false	Bacteria	Pseudomonadota	Gammaproteobacteria	Xanthomonadales	Xanthomonadaceae	Xanthomonas	Xanthomonas campestris
PUL0701	NC_003919	4984490	5029051	346	dbcan		5175554	76433	1.4768080866318851	false	Bacteria	Pseudomonadota	Gammaproteobacteria	Xanthomonadales	Xanthomonadaceae	Xanthomonas	Xanthomonas cissicola
PUL0702	NC_003919	2024740	2042333	346	dbcan		5175554	76433	1.4768080866318851	false	Bacteria	Pseudomonadota	Gammaproteobacteria	Xanthomonadales	Xanthomonadaceae	Xanthomonas	Xanthomonas cissicola
PUL0719	NC_003919	3056086	3070365	346	dbcan		5175554	76433	1.4768080866318851	false	Bacteria	Pseudomonadota	Gammaproteobacteria	Xanthomonadales	Xanthomonadaceae	Xanthomonas	Xanthomonas cissicola
PUL0475	LN997842	3957983	3965681	1926	dbcan		8353915	7698	0.09214841185240692	false	Bacteria	Actinomycetota	Actinomycetes	Streptomycetales	Streptomycetaceae	Streptomyces	Streptomyces tricolor
PUL0508	CP109280	2338089	2344762	1952	dbcan		6066002	6673	0.11000655786133931	true	Bacteria	Actinomycetota	Actinomycetes	Streptomycetales	Streptomycetaceae	Streptomyces	Streptomyces thermoviolaceus
PUL0573	NC_010572	5564640	5570805	1911	dbcan		8545929	6165	0.07213961173793978	false	Bacteria	Actinomycetota	Actinomycetes	Streptomycetales	Streptomycetaceae	Streptomyces	Streptomyces griseus
PUL0588	AL645882	5692292	5696970	1902	dbcan		8667507	27789	0.3206112207350972	false	Bacteria	Actinomycetota	Actinomycetes	Streptomycetales	Streptomycetaceae	Streptomyces	Streptomyces violaceoruber
PUL0653	AL645882	3831534	3854645	1902	dbcan		8667507	27789	0.3206112207350972	false	Bacteria	Actinomycetota	Actinomycetes	Streptomycetales	Streptomycetaceae	Streptomyces	Streptomyces violaceoruber
PUL0027	CP092752	1032178	1037752	354	dbcan		5617899	5574	0.09921858687740737	true	Bacteria	Pseudomonadota	Gammaproteobacteria	Pseudomonadales	Pseudomonadaceae	Azotobacter	Azotobacter vinelandii
PUL0216_PUL0445	AB011415	1	14738	28214	dbcan	merged	14852	14737	99.22569350929167	false							
PUL0307	NZ_HG326223	3032487	3037022	615	dbcan		5113802	9429	0.1843833609514017	false	Bacteria	Pseudomonadota	Gammaproteobacteria	Enterobacterales	Enterobacteriaceae	Serratia	Serratia bockelmannii
PUL0531	NZ_HG326223	172559	177453	615	dbcan		5113802	9429	0.1843833609514017	false	Bacteria	Pseudomonadota	Gammaproteobacteria	Enterobacterales	Enterobacteriaceae	Serratia	Serratia bockelmannii
PUL0586	CP118723	1150955	1155402	615	dbcan		4965686	4447	0.08955459527646331	true	Bacteria	Pseudomonadota	Gammaproteobacteria	Enterobacterales	Enterobacteriaceae	Serratia	Serratia marcescens
PUL0327	CP081505	1712908	1721135	1351	dbcan		2884138	8227	0.2852498736190848	true	Bacteria	Bacillota	Bacilli	Lactobacillales	Enterococcaceae	Enterococcus	Enterococcus faecalis
PUL0575	CP175305	159402	173084	1352	dbcan		243513	13682	5.618591204576347	true							
PUL0590	OZ282469	1462783	1469040	1352	dbcan		2777239	6257	0.22529569835365268	true	Bacteria	Bacillota	Bacilli	Lactobacillales	Enterococcaceae	Enterococcus_B	Enterococcus_B faecium
24087	LT629745	1394780	1414040		puldb		3545181	19260	0.5432726848079125	false	Bacteria	Bacteroidota	Bacteroidia	Flavobacteriales	Flavobacteriaceae	Christiangramia	Christiangramia echinicola
31418_PUL0235	CU207366	1203786	1228271	411153	puldb_dbcan	merged	3798465	61450	1.617758752548727	false	Bacteria	Bacteroidota	Bacteroidia	Flavobacteriales	Flavobacteriaceae	Christiangramia	Christiangramia forsetii
31419_PUL0236	CU207366	2257233	2278112	411153	puldb_dbcan	merged	3798465	61450	1.617758752548727	false	Bacteria	Bacteroidota	Bacteroidia	Flavobacteriales	Flavobacteriaceae	Christiangramia	Christiangramia forsetii
PUL0234_31420	CU207366	3621545	3637631	411153	dbcan_puldb	merged	3798465	61450	1.617758752548727	false	Bacteria	Bacteroidota	Bacteroidia	Flavobacteriales	Flavobacteriaceae	Christiangramia	Christiangramia forsetii
PUL0240	JX424621	4621	24098	1231728	dbcan		37939	19477	51.33767363399141	false							
PUL0241	JX424622	7409	20096	1231729	dbcan		49907	12687	25.4212835874727	false							
PUL0242	JX424627	4542	17611	1231730	dbcan		22810	13069	57.29504603244191	false							
PUL0342	NC_014033	3346598	3359433	839	dbcan		3619559	12835	0.3546012097053812	false	Bacteria	Bacteroidota	Bacteroidia	Bacteroidales	Bacteroidaceae	Prevotella	Prevotella ruminicola
PUL0006	CP008934	1504847	1504874	1422	dbcan		3654829	27	0.0007387486528097484	true	Bacteria	Bacillota	Bacilli	Bacillales	Anoxybacillaceae	Geobacillus	Geobacillus thermoleovorans
PUL0010	NZ_CP020030	1952509	2001314	33940	dbcan		3550319	53777	1.5147089599554293	false	Bacteria	Bacillota	Bacilli	Bacillales	Anoxybacillaceae	Geobacillus	Geobacillus thermodenitrificans
PUL0014	NZ_CP020030	2035523	2046640	33940	dbcan		3640707	11117	0.30535277900693464	false	Bacteria	Bacillota	Bacilli	Bacillales	Anoxybacillaceae	Geobacillus	Geobacillus thermodenitrificans
PUL0268	BA000043	726823	732934	1462	dbcan		3544776	6111	0.17239453212276318	false	Bacteria	Bacillota	Bacilli	Bacillales	Anoxybacillaceae	Geobacillus	Geobacillus thermoleovorans
PUL0395	DQ868502	1562	38010	1422	dbcan		77747	36448	46.880265476481405	false	Bacteria	Bacillota	Bacilli	Bacillales	Anoxybacillaceae	Geobacillus	Geobacillus thermoleovorans_A
PUL0542	CP128449	730403	730532	1422	dbcan		3471328	129	0.0037161570442205403	true	Bacteria	Bacillota	Bacilli	Bacillales	Anoxybacillaceae	Geobacillus	Geobacillus thermophilus
PUL0583	CP128458	1338399	1338536	1422	dbcan		3654319	137	0.0037489885256322725	true	Bacteria	Bacillota	Bacilli	Bacillales	Anoxybacillaceae	Geobacillus	Geobacillus thermophilus
PUL0602	CP002835	2158671	2196700	1426	dbcan		3893306	38029	0.9767791177986009	false	Bacteria	Bacillota	Bacilli	Bacillales	Anoxybacillaceae	Parageobacillus	Parageobacillus thermoglucosidasius
PUL0129	Ga0139390_150	30256	49978	749906	dbcan			19722		false	Bacteria	Bacteroidota	Bacteroidia	Bacteroidales	Bacteroidaceae	Prevotella	""
PUL0243	JX424628	13465	32307	1231731	dbcan		32307	18842	58.32172594174637	false	Bacteria	Bacteroidota	Bacteroidia	Bacteroidales	Bacteroidaceae	Prevotella	Prevotella sp902788605
PUL0002	CP147877	4013254	4015110	1423	dbcan		4204738	1857	0.04416446399276245	true	Bacteria	Bacillota	Bacilli	Bacillales	Bacillaceae	Bacillus	Bacillus subtilis
PUL0003	CP147877	1944130	1947069	1423	dbcan		4215606	44346	1.0519484031477324	false	Bacteria	Bacillota	Bacilli	Bacillales	Bacillaceae	Bacillus	Bacillus subtilis
PUL0019	CP147877	3958789	3965340	1423	dbcan		4217427	6551	0.1553316749762355	true	Bacteria	Bacillota	Bacilli	Bacillales	Bacillaceae	Bacillus	Bacillus subtilis
PUL0058	CP147877	3165147	3173058	1423	dbcan		4210909	7912	0.18789292288197157	true	Bacteria	Bacillota	Bacilli	Bacillales	Bacillaceae	Bacillus	Bacillus subtilis
PUL0082	SIWZ01000001	3978451	3984965	1423	dbcan		4063450	6514	0.16030712817925655	false	Bacteria	Bacillota	Bacilli	Bacillales	Bacillaceae	Bacillus	Bacillus subtilis
PUL0238	CP147877	628043	635282	1423	dbcan		4215606	44346	1.0519484031477324	false	Bacteria	Bacillota	Bacilli	Bacillales	Bacillaceae	Bacillus	Bacillus subtilis
PUL0249	CP147877	763080	778206	1423	dbcan		4215606	44346	1.0519484031477324	false	Bacteria	Bacillota	Bacilli	Bacillales	Bacillaceae	Bacillus	Bacillus subtilis
PUL0323	CP147877	3503063	3511062	135461	dbcan		4211262	8000	0.18996680804946356	false	Bacteria	Bacillota	Bacilli	Bacillales	Bacillaceae	Bacillus	Bacillus subtilis
PUL0466	CP147877	2939742	2950286	1423	dbcan		4215606	44346	1.0519484031477324	false	Bacteria	Bacillota	Bacilli	Bacillales	Bacillaceae	Bacillus	Bacillus subtilis
PUL0569	CP147877	3537424	3542138	1423	dbcan		4215606	44346	1.0519484031477324	false	Bacteria	Bacillota	Bacilli	Bacillales	Bacillaceae	Bacillus	Bacillus subtilis
PUL0591	CP147877	3595654	3599431	1423	dbcan		4215606	44346	1.0519484031477324	false	Bacteria	Bacillota	Bacilli	Bacillales	Bacillaceae	Bacillus	Bacillus subtilis
PUL0220	JPDI01000001	2291648	2313366	1336803	dbcan		2894172	21718	0.750404606222436	false	Bacteria	Bacteroidota	Bacteroidia	Flavobacteriales	Flavobacteriaceae	Polaribacter	Polaribacter sp900106075
PUL0722	NZ_CP074436	2331852	2376746	2806551	dbcan		4423854	44894	1.0148164925876848	false	Bacteria	Bacteroidota	Bacteroidia	Flavobacteriales	Flavobacteriaceae	Polaribacter	Polaribacter sp016858305
PUL0230	CP000033	1872452	1887508	1579	dbcan		1993560	46571	2.3360721523305044	false	Bacteria	Bacillota	Bacilli	Lactobacillales	Lactobacillaceae	Lactobacillus	Lactobacillus acidophilus
PUL0267	CP000033	665968	680930	1579	dbcan		1993560	46571	2.3360721523305044	false	Bacteria	Bacillota	Bacilli	Lactobacillales	Lactobacillaceae	Lactobacillus	Lactobacillus acidophilus
PUL0399	CP000033	1437361	1453914	1579	dbcan		1993560	46571	2.3360721523305044	false	Bacteria	Bacillota	Bacilli	Lactobacillales	Lactobacillaceae	Lactobacillus	Lactobacillus acidophilus
PUL0626	CP072197	62960	63021	47770	dbcan		2239089	61	0.0027243222578468298	true	Bacteria	Bacillota	Bacilli	Lactobacillales	Lactobacillaceae	Lactobacillus	Lactobacillus crispatus
PUL0015	AM406671	1209752	1217592	1358	dbcan		2529478	20146	0.7964489115936173	false	Bacteria	Bacillota	Bacilli	Lactobacillales	Streptococcaceae	Lactococcus	Lactococcus cremoris
PUL0016	AM406671	428397	433134	1358	dbcan		2529478	20146	0.7964489115936173	false	Bacteria	Bacillota	Bacilli	Lactobacillales	Streptococcaceae	Lactococcus	Lactococcus cremoris
PUL0168	AE005176	2053080	2066266	1360	dbcan		2365589	13186	0.557408746827957	false	Bacteria	Bacillota	Bacilli	Lactobacillales	Streptococcaceae	Lactococcus	Lactococcus lactis
PUL0402	AP012281	1563593	1571798	1046624	dbcan		2421471	8205	0.33884362026222903	false	Bacteria	Bacillota	Bacilli	Lactobacillales	Streptococcaceae	Lactococcus	Lactococcus lactis
PUL0582	AM406671	174930	179693	1358	dbcan		2529478	4763	0.18829972033755582	false	Bacteria	Bacillota	Bacilli	Lactobacillales	Streptococcaceae	Lactococcus	Lactococcus cremoris
PUL0584	CP001834	2317224	2332669	1358	dbcan		2598144	15445	0.5944628165336486	false	Bacteria	Bacillota	Bacilli	Lactobacillales	Streptococcaceae	Lactococcus	Lactococcus lactis
PUL0683	AM406671	1815995	1823564	1358	dbcan		2529478	20146	0.7964489115936173	false	Bacteria	Bacillota	Bacilli	Lactobacillales	Streptococcaceae	Lactococcus	Lactococcus cremoris
PUL0021	NC_008526	2647312	2663903	1582	dbcan		2895264	16591	0.5730392807011727	false	Bacteria	Bacillota	Bacilli	Lactobacillales	Lactobacillaceae	Lacticaseibacillus	Lacticaseibacillus paracasei
PUL0153	CP067366	5514	10081	47715	dbcan		63181	7390	11.6965543438692	true	Bacteria	Bacillota	Bacilli	Lactobacillales	Lactobacillaceae	Lacticaseibacillus	Lacticaseibacillus casei
PUL0156	CP067366	34245	37068	47715	dbcan		63181	7390	11.6965543438692	true	Bacteria	Bacillota	Bacilli	Lactobacillales	Lactobacillaceae	Lacticaseibacillus	Lacticaseibacillus casei
PUL0196	NC_010999	288852	300044	1582	dbcan		3079196	11192	0.36347150360029046	false	Bacteria	Bacillota	Bacilli	Lactobacillales	Lactobacillaceae	Lacticaseibacillus	Lacticaseibacillus paracasei
PUL0219	CP034973	2622765	2633213	1597	dbcan		3063065	10448	0.34109625489501527	true	Bacteria	Bacillota	Bacilli	Lactobacillales	Lactobacillaceae	Lacticaseibacillus	Lacticaseibacillus paracasei
PUL0407	FM179324	50285	54866	1582	dbcan		12009	4582	38.15471729536181	false	Bacteria	Bacillota	Bacilli	Lactobacillales	Lactobacillaceae	Lacticaseibacillus	Lacticaseibacillus paracasei
PUL0561	NC_004567	3100330	3091774	1590	dbcan		3308273	2022	0.06111950253198572	false	Bacteria	Bacillota	Bacilli	Lactobacillales	Lactobacillaceae	Lactiplantibacillus	Lactiplantibacillus plantarum
PUL0603	NC_004567	2676726	2679930	1590	dbcan		3308273	2022	0.06111950253198572	false	Bacteria	Bacillota	Bacilli	Lactobacillales	Lactobacillaceae	Lactiplantibacillus	Lactiplantibacillus plantarum
PUL0604	NC_004567	164479	171853	1590	dbcan		3308273	2022	0.06111950253198572	false	Bacteria	Bacillota	Bacilli	Lactobacillales	Lactobacillaceae	Lactiplantibacillus	Lactiplantibacillus plantarum
PUL0679	CP054261	16753	25331	1590	dbcan		38269	8578	22.415009537745956	true							
PUL0684	NZ_CP016797	2087543	2092403	1580	dbcan		2488939	4860	0.19526392571292425	false	Bacteria	Bacillota	Bacilli	Lactobacillales	Lactobacillaceae	Levilactobacillus	Levilactobacillus brevis
PUL0020	CP195156	2733786	2750565	47715	dbcan		2968598	21412	0.7212832454916429	false	Bacteria	Bacillota	Bacilli	Lactobacillales	Lactobacillaceae	Lacticaseibacillus	Lacticaseibacillus rhamnosus
PUL0154_PUL0158	CP195156	316619	321251	47715	dbcan	merged	2989042	4632	0.15496603928616592	true	Bacteria	Bacillota	Bacilli	Lactobacillales	Lactobacillaceae	Lacticaseibacillus	Lacticaseibacillus rhamnosus
PUL0157	CP136114	289901	294533	47715	dbcan		2958057	4632	0.1565892746488658	true	Bacteria	Bacillota	Bacilli	Lactobacillales	Lactobacillaceae	Lacticaseibacillus	Lacticaseibacillus rhamnosus
PUL0091_PUL0092_PUL0095	CP000139	5083180	5110584	821	dbcan	merged	5163189	39499	0.7650117011017803	false	Bacteria	Bacteroidota	Bacteroidia	Bacteroidales	Bacteroidaceae	Phocaeicola	Phocaeicola vulgatus
PUL0094	LR131279	41	41664	77133	dbcan		41855	41623	99.44570541153983	false	Bacteria	Bacteroidota	Bacteroidia	Bacteroidales	Bacteroidaceae	Phocaeicola	Phocaeicola vulgatus
PUL0662	NZ_CP046176	3797500	3812868	357276	dbcan		832081	46752	5.618683757951449	false	Bacteria	Bacteroidota	Bacteroidia	Bacteroidales	Bacteroidaceae	Phocaeicola	Phocaeicola dorei
PUL0687	CP000139	52180	64275	821	dbcan		5163189	39499	0.7650117011017803	false	Bacteria	Bacteroidota	Bacteroidia	Bacteroidales	Bacteroidaceae	Phocaeicola	Phocaeicola vulgatus
PUL0721	NZ_CP046176	3701356	3726995	357276	dbcan		5625488	25639	0.4557649043069686	false	Bacteria	Bacteroidota	Bacteroidia	Bacteroidales	Bacteroidaceae	Phocaeicola	Phocaeicola dorei
PUL0723	NZ_CP046176	4092663	4124045	357276	dbcan		832081	46752	5.618683757951449	false	Bacteria	Bacteroidota	Bacteroidia	Bacteroidales	Bacteroidaceae	Phocaeicola	Phocaeicola dorei
PUL0724	CP000139	266736	296905	821	dbcan		5163189	30169	0.5843094258219097	false	Bacteria	Bacteroidota	Bacteroidia	Bacteroidales	Bacteroidaceae	Phocaeicola	Phocaeicola vulgatus
3651_PUL0348	AP006841	2021215	2050211	817	puldb_dbcan	merged	5277274	28996	0.5494503412178333	false	Bacteria	Bacteroidota	Bacteroidia	Bacteroidales	Bacteroidaceae	Bacteroides	Bacteroides fragilis
3712	CR626927	2004661	2011529		puldb		5205140	17589	0.3379159830475261	false	Bacteria	Bacteroidota	Bacteroidia	Bacteroidales	Bacteroidaceae	Bacteroides	Bacteroides fragilis
3713	CR626927	4217917	4228638		puldb		5205140	17589	0.3379159830475261	false	Bacteria	Bacteroidota	Bacteroidia	Bacteroidales	Bacteroidaceae	Bacteroides	Bacteroides fragilis
3772_PUL0555	FQ312004	436949	455517	817	puldb_dbcan	merged	5373121	55804	1.038577020692443	false	Bacteria	Bacteroidota	Bacteroidia	Bacteroidales	Bacteroidaceae	Bacteroides	Bacteroides fragilis
3773	FQ312004	523100	536123		puldb		5373121	55804	1.038577020692443	false	Bacteria	Bacteroidota	Bacteroidia	Bacteroidales	Bacteroidaceae	Bacteroides	Bacteroides fragilis
3774_PUL0556	FQ312004	1582511	1594729	817	puldb_dbcan	merged	5373121	55804	1.038577020692443	false	Bacteria	Bacteroidota	Bacteroidia	Bacteroidales	Bacteroidaceae	Bacteroides	Bacteroides fragilis
3775_PUL0171	FQ312004	4059271	4071266	817	puldb_dbcan	merged	5373121	55804	1.038577020692443	false	Bacteria	Bacteroidota	Bacteroidia	Bacteroidales	Bacteroidaceae	Bacteroides	Bacteroides fragilis
PUL0166	FQ312004	3710042	3720606	817	dbcan		5373121	37350	0.6951267243004577	false	Bacteria	Bacteroidota	Bacteroidia	Bacteroidales	Bacteroidaceae	Bacteroides	Bacteroides fragilis
PUL0180	CR626927	973099	1007603	817	dbcan		5205140	39433	0.7575780862762577	false	Bacteria	Bacteroidota	Bacteroidia	Bacteroidales	Bacteroidaceae	Bacteroides	Bacteroides fragilis
PUL0408	CR626927	944105	949034	817	dbcan		5205140	39433	0.7575780862762577	false	Bacteria	Bacteroidota	Bacteroidia	Bacteroidales	Bacteroidaceae	Bacteroides	Bacteroides fragilis
PUL0730	NC_014934	476402	500825	59600	dbcan		4888353	24423	0.49961612837698094	false	Bacteria	Bacteroidota	Bacteroidia	Flavobacteriales	Flavobacteriaceae	Cellulophaga	Cellulophaga algicola
PUL0732	NZ_CP009976	4522759	4551467	76594	dbcan		4635105	28708	0.6193602949663491	false	Bacteria	Bacteroidota	Bacteroidia	Flavobacteriales	Flavobacteriaceae	Cellulophaga	Cellulophaga baltica
9088	NC_016610	2353086	2370434		puldb		3405521	33250	0.9763557470354757	false	Bacteria	Bacteroidota	Bacteroidia	Bacteroidales	Tannerellaceae	Tannerella	Tannerella forsythia
PUL0244	JUET01000139	87387	102782	28112	dbcan		112114	15395	13.731558948926985	false	Bacteria	Bacteroidota	Bacteroidia	Bacteroidales	Tannerellaceae	Tannerella	Tannerella forsythia
PUL0700	NC_016610	2445130	2461032	203275	dbcan		3405521	33250	0.9763557470354757	false	Bacteria	Bacteroidota	Bacteroidia	Bacteroidales	Tannerellaceae	Tannerella	Tannerella forsythia
PUL0056	NZ_DS995511	374866	385955	28111	dbcan		989858	11089	1.1202616941015782	false	Bacteria	Bacteroidota	Bacteroidia	Bacteroidales	Bacteroidaceae	Bacteroides	Bacteroides eggerthii
PUL0066	GL882630	4456	29812	626930	dbcan		137728	25356	18.410199814126393	false	Bacteria	Bacteroidota	Bacteroidia	Bacteroidales	Bacteroidaceae	Bacteroides	Bacteroides fluxus
PUL0736	NZ_GL882595	202523	218248	626929	dbcan		483280	15725	3.2538073166694255	false	Bacteria	Bacteroidota	Bacteroidia	Bacteroidales	Bacteroidaceae	Bacteroides	Bacteroides clarus
PUL0065	CP065889	4317792	4346224	820	dbcan		4728573	28432	0.6012807669459687	true	Bacteria	Bacteroidota	Bacteroidia	Bacteroidales	Bacteroidaceae	Bacteroides	Bacteroides uniformis
PUL0108_PUL0109_PUL0110	NZ_NFHS01000001	745835	779958	820	dbcan	merged	814155	34123	4.191216660218263	false	Bacteria	Bacteroidota	Bacteroidia	Bacteroidales	Bacteroidaceae	Bacteroides	Bacteroides uniformis
PUL0118	CP065889	3183349	3197880	820	dbcan		210193	14532	6.913646030077119	false	Bacteria	Bacteroidota	Bacteroidia	Bacteroidales	Bacteroidaceae	Bacteroides	Bacteroides uniformis
PUL0332	LT674122	387	30039	77133	dbcan		30320	29652	97.79683377308707	false	Bacteria	Bacteroidota	Bacteroidia	Bacteroidales	Bacteroidaceae	Bacteroides	Bacteroides uniformis
PUL0334_PUL0333	LT674124	1	40228	77133	dbcan	merged_blast	40408	40227	99.55206889724806	true							
PUL0338_PUL0336_PUL0335	LT674128	328	43414	77133	dbcan	merged_blast	44062	43086	97.7849394035677	true	Bacteria	Bacteroidota	Bacteroidia	Bacteroidales	Bacteroidaceae	Bacteroides	Bacteroides uniformis
PUL0680	CP065889	543730	577202	820	dbcan		487318	33473	6.868820770010547	false	Bacteria	Bacteroidota	Bacteroidia	Bacteroidales	Bacteroidaceae	Bacteroides	Bacteroides uniformis
PUL0217	NZ_KE386494	1052130	1059390	44256	dbcan		1071729	23797	2.220430724558167	false	Bacteria	Bacillota	Thermoanaerobacteria	Thermoanaerobacterales	Caldanaerobiaceae	Caldanaerobius	Caldanaerobius polysaccharolyticus
PUL0227	JX087428	0	18201	44256	dbcan		18410	18201	98.8647474198805	false	Bacteria	Bacillota	Thermoanaerobacteria	Thermoanaerobacterales	Caldanaerobiaceae	Caldanaerobius	Caldanaerobius polysaccharolyticus
PUL0309	NZ_KE386494	723442	739979	44256	dbcan		1071729	23797	2.220430724558167	false	Bacteria	Bacillota	Thermoanaerobacteria	Thermoanaerobacterales	Caldanaerobiaceae	Caldanaerobius	Caldanaerobius polysaccharolyticus
28_PUL0345	ABJL02000008	2467545	2530030	329854	puldb_dbcan	merged	3472993	104417	3.0065421957372216	false	Bacteria	Bacteroidota	Bacteroidia	Bacteroidales	Bacteroidaceae	Bacteroides	Bacteroides intestinalis
PUL0064	EQ973490	1996377	2022549	246787	dbcan		2178212	26172	1.2015359386505997	false	Bacteria	Bacteroidota	Bacteroidia	Bacteroidales	Bacteroidaceae	Bacteroides	Bacteroides cellulosilyticus
PUL0262	CP012801	5567610	5593852	246787	dbcan		7084828	389489	5.497508196388113	false	Bacteria	Bacteroidota	Bacteroidia	Bacteroidales	Bacteroidaceae	Bacteroides	Bacteroides cellulosilyticus
PUL0263	CP012801	5620956	5634301	246787	dbcan		7084828	389489	5.497508196388113	false	Bacteria	Bacteroidota	Bacteroidia	Bacteroidales	Bacteroidaceae	Bacteroides	Bacteroides cellulosilyticus
PUL0339	LT674129	20	37156	77133	dbcan		37308	37136	99.53897287445052	false	Bacteria	Bacteroidota	Bacteroidia	Bacteroidales	Bacteroidaceae	Bacteroides	Bacteroides cellulosilyticus
PUL0532	CP012801	925123	954278	246787	dbcan		7084828	389489	5.497508196388113	false	Bacteria	Bacteroidota	Bacteroidia	Bacteroidales	Bacteroidaceae	Bacteroides	Bacteroides cellulosilyticus
PUL0533	CP012801	970841	992635	246787	dbcan		7084828	389489	5.497508196388113	false	Bacteria	Bacteroidota	Bacteroidia	Bacteroidales	Bacteroidaceae	Bacteroides	Bacteroides cellulosilyticus
PUL0534	CP012801	1395119	1415148	246787	dbcan		7084828	389489	5.497508196388113	false	Bacteria	Bacteroidota	Bacteroidia	Bacteroidales	Bacteroidaceae	Bacteroides	Bacteroides cellulosilyticus
PUL0535	CP012801	1905313	1924770	246787	dbcan		7084828	389489	5.497508196388113	false	Bacteria	Bacteroidota	Bacteroidia	Bacteroidales	Bacteroidaceae	Bacteroides	Bacteroides cellulosilyticus
PUL0536	CP012801	2024923	2035361	246787	dbcan		7084828	389489	5.497508196388113	false	Bacteria	Bacteroidota	Bacteroidia	Bacteroidales	Bacteroidaceae	Bacteroides	Bacteroides cellulosilyticus
PUL0537	CP012801	2262180	2278234	246787	dbcan		7084828	389489	5.497508196388113	false	Bacteria	Bacteroidota	Bacteroidia	Bacteroidales	Bacteroidaceae	Bacteroides	Bacteroides cellulosilyticus
PUL0538	CP012801	2388865	2412814	246787	dbcan		7084828	389489	5.497508196388113	false	Bacteria	Bacteroidota	Bacteroidia	Bacteroidales	Bacteroidaceae	Bacteroides	Bacteroides cellulosilyticus
PUL0539	CP012801	2467595	2494001	246787	dbcan		7084828	389489	5.497508196388113	false	Bacteria	Bacteroidota	Bacteroidia	Bacteroidales	Bacteroidaceae	Bacteroides	Bacteroides cellulosilyticus
PUL0540	CP012801	2988996	3000925	246787	dbcan		7084828	389489	5.497508196388113	false	Bacteria	Bacteroidota	Bacteroidia	Bacteroidales	Bacteroidaceae	Bacteroides	Bacteroides cellulosilyticus
PUL0541	CP012801	3093489	3107238	246787	dbcan		7084828	389489	5.497508196388113	false	Bacteria	Bacteroidota	Bacteroidia	Bacteroidales	Bacteroidaceae	Bacteroides	Bacteroides cellulosilyticus
PUL0543	CP012801	3131879	3145280	246787	dbcan		7084828	389489	5.497508196388113	false	Bacteria	Bacteroidota	Bacteroidia	Bacteroidales	Bacteroidaceae	Bacteroides	Bacteroides cellulosilyticus
PUL0545	CP012801	3674190	3695070	246787	dbcan		7084828	389489	5.497508196388113	false	Bacteria	Bacteroidota	Bacteroidia	Bacteroidales	Bacteroidaceae	Bacteroides	Bacteroides cellulosilyticus
PUL0546	CP012801	3762614	3783277	246787	dbcan		7084828	389489	5.497508196388113	false	Bacteria	Bacteroidota	Bacteroidia	Bacteroidales	Bacteroidaceae	Bacteroides	Bacteroides cellulosilyticus
PUL0547	CP012801	3873827	3892680	246787	dbcan		7084828	389489	5.497508196388113	false	Bacteria	Bacteroidota	Bacteroidia	Bacteroidales	Bacteroidaceae	Bacteroides	Bacteroides cellulosilyticus
PUL0548	CP012801	3934555	3947059	246787	dbcan		7084828	389489	5.497508196388113	false	Bacteria	Bacteroidota	Bacteroidia	Bacteroidales	Bacteroidaceae	Bacteroides	Bacteroides cellulosilyticus
PUL0549	CP012801	5229371	5243662	246787	dbcan		7084828	389489	5.497508196388113	false	Bacteria	Bacteroidota	Bacteroidia	Bacteroidales	Bacteroidaceae	Bacteroides	Bacteroides cellulosilyticus
PUL0550	CP012801	5289963	5307396	246787	dbcan		7084828	389489	5.497508196388113	false	Bacteria	Bacteroidota	Bacteroidia	Bacteroidales	Bacteroidaceae	Bacteroides	Bacteroides cellulosilyticus
PUL0551	CP012801	5665654	5677137	246787	dbcan		7084828	389489	5.497508196388113	false	Bacteria	Bacteroidota	Bacteroidia	Bacteroidales	Bacteroidaceae	Bacteroides	Bacteroides cellulosilyticus
PUL0552	CP012801	6309775	6324625	246787	dbcan		7084828	389489	5.497508196388113	false	Bacteria	Bacteroidota	Bacteroidia	Bacteroidales	Bacteroidaceae	Bacteroides	Bacteroides cellulosilyticus
PUL0554	CP012801	6804983	6817567	246787	dbcan		7084828	389489	5.497508196388113	false	Bacteria	Bacteroidota	Bacteroidia	Bacteroidales	Bacteroidaceae	Bacteroides	Bacteroides cellulosilyticus
PUL0643	NZ_ABJL02000007	167129	189673	329854	dbcan		1438659	22544	1.567014838123558	false	Bacteria	Bacteroidota	Bacteroidia	Bacteroidales	Bacteroidaceae	Bacteroides	Bacteroides intestinalis
PUL0644	EQ973490	1329075	1352417	246787	dbcan		2178212	23342	1.0716128641289278	false	Bacteria	Bacteroidota	Bacteroidia	Bacteroidales	Bacteroidaceae	Bacteroides	Bacteroides cellulosilyticus
PUL0794	ABJL02000008	835017	876949	329854	dbcan		3472993	104417	3.0065421957372216	false	Bacteria	Bacteroidota	Bacteroidia	Bacteroidales	Bacteroidaceae	Bacteroides	Bacteroides intestinalis
234	LT622246	6226078	6237118		puldb		6472384	158887	2.4548450771771266	true	Bacteria	Bacteroidota	Bacteroidia	Bacteroidales	Bacteroidaceae	Bacteroides	Bacteroides ovatus
235	LT622246	1470971	1480059		puldb		6472489	9089	0.14042511312108835	true	Bacteria	Bacteroidota	Bacteroidia	Bacteroidales	Bacteroidaceae	Bacteroides	Bacteroides ovatus
236	LT622246	1489827	1500663		puldb		6472384	158887	2.4548450771771266	true	Bacteria	Bacteroidota	Bacteroidia	Bacteroidales	Bacteroidaceae	Bacteroides	Bacteroides ovatus
237	LT622246	425562	451705		puldb		6475296	45191	0.6978985979945936	true	Bacteria	Bacteroidota	Bacteroidia	Bacteroidales	Bacteroidaceae	Bacteroides	Bacteroides ovatus
238	LT622246	402267	411079		puldb		6472384	158887	2.4548450771771266	true	Bacteria	Bacteroidota	Bacteroidia	Bacteroidales	Bacteroidaceae	Bacteroides	Bacteroides ovatus
240	LT622246	4519137	4541642		puldb		6472384	158887	2.4548450771771266	true	Bacteria	Bacteroidota	Bacteroidia	Bacteroidales	Bacteroidaceae	Bacteroides	Bacteroides ovatus
241	LT622246	297884	317088		puldb		6472384	158887	2.4548450771771266	true	Bacteria	Bacteroidota	Bacteroidia	Bacteroidales	Bacteroidaceae	Bacteroides	Bacteroides ovatus
242_PUL0415_PUL0746	LT622246	4169516	4184472	28116	puldb_dbcan_dbcan	merged	6472384	158887	2.4548450771771266	true	Bacteria	Bacteroidota	Bacteroidia	Bacteroidales	Bacteroidaceae	Bacteroides	Bacteroides ovatus
243	LT622246	5347514	5368663		puldb		6472384	158887	2.4548450771771266	true	Bacteria	Bacteroidota	Bacteroidia	Bacteroidales	Bacteroidaceae	Bacteroides	Bacteroides ovatus
244	LT622246	6308775	6325713		puldb		6472384	158887	2.4548450771771266	true	Bacteria	Bacteroidota	Bacteroidia	Bacteroidales	Bacteroidaceae	Bacteroides	Bacteroides ovatus
245	LT622246	6285750	6292314		puldb		6472384	158887	2.4548450771771266	true	Bacteria	Bacteroidota	Bacteroidia	Bacteroidales	Bacteroidaceae	Bacteroides	Bacteroides ovatus
246	LT622246	5507775	5526823		puldb		6475296	45191	0.6978985979945936	true	Bacteria	Bacteroidota	Bacteroidia	Bacteroidales	Bacteroidaceae	Bacteroides	Bacteroides ovatus
247	LT622246	5542864	5549487		puldb		6472384	158887	2.4548450771771266	true	Bacteria	Bacteroidota	Bacteroidia	Bacteroidales	Bacteroidaceae	Bacteroides	Bacteroides ovatus
248	LT622246	1538257	1557592		puldb		121138	61975	51.16065974343311	false	Bacteria	Bacteroidota	Bacteroidia	Bacteroidales	Bacteroidaceae	Bacteroides	Bacteroides ovatus
249	LT622246	1583097	1595400		puldb		121138	61975	51.16065974343311	false	Bacteria	Bacteroidota	Bacteroidia	Bacteroidales	Bacteroidaceae	Bacteroides	Bacteroides ovatus
250_251_PUL0526	LT622246	1600184	1630519	28116	puldb_dbcan	merged	121138	61975	51.16065974343311	false	Bacteria	Bacteroidota	Bacteroidia	Bacteroidales	Bacteroidaceae	Bacteroides	Bacteroides ovatus
252	LT622246	649482	670365		puldb		125494	20884	16.641433056560473	false	Bacteria	Bacteroidota	Bacteroidia	Bacteroidales	Bacteroidaceae	Bacteroides	Bacteroides ovatus
253	LT622246	2505739	2522401		puldb		139020	49034	35.27118400230183	false	Bacteria	Bacteroidota	Bacteroidia	Bacteroidales	Bacteroidaceae	Bacteroides	Bacteroides ovatus
254	LT622246	2573800	2580488		puldb		139020	49034	35.27118400230183	false	Bacteria	Bacteroidota	Bacteroidia	Bacteroidales	Bacteroidaceae	Bacteroides	Bacteroides ovatus
255	LT622246	2591786	2616467		puldb		139020	49034	35.27118400230183	false	Bacteria	Bacteroidota	Bacteroidia	Bacteroidales	Bacteroidaceae	Bacteroides	Bacteroides ovatus
256	LT622246	3902126	3913760		puldb		143787	79895	55.56482853109113	false	Bacteria	Bacteroidota	Bacteroidia	Bacteroidales	Bacteroidaceae	Bacteroides	Bacteroides ovatus
257	LT622246	3875921	3889546		puldb		143787	79895	55.56482853109113	false	Bacteria	Bacteroidota	Bacteroidia	Bacteroidales	Bacteroidaceae	Bacteroides	Bacteroides ovatus
258_259_260_PUL0745	LT622246	3780698	3835330	28116	puldb_dbcan	merged	143787	79895	55.56482853109113	false	Bacteria	Bacteroidota	Bacteroidia	Bacteroidales	Bacteroidaceae	Bacteroides	Bacteroides ovatus
261	LT622246	6207119	6215931		puldb		141798	15496	10.928221836697274	false	Bacteria	Bacteroidota	Bacteroidia	Bacteroidales	Bacteroidaceae	Bacteroides	Bacteroides ovatus
262	LT622246	6189051	6195733		puldb		141798	15496	10.928221836697274	false	Bacteria	Bacteroidota	Bacteroidia	Bacteroidales	Bacteroidaceae	Bacteroides	Bacteroides ovatus
263	LT622246	565433	580133		puldb		155910	14701	9.429157847476109	false	Bacteria	Bacteroidota	Bacteroidia	Bacteroidales	Bacteroidaceae	Bacteroides	Bacteroides ovatus
264	LT622246	3984093	4009953		puldb		201844	85713	42.46497294940647	false	Bacteria	Bacteroidota	Bacteroidia	Bacteroidales	Bacteroidaceae	Bacteroides	Bacteroides ovatus
265	LT622246	4011510	4026709		puldb		201844	85713	42.46497294940647	false	Bacteria	Bacteroidota	Bacteroidia	Bacteroidales	Bacteroidaceae	Bacteroides	Bacteroides ovatus
266_267_PUL0416_PUL0417	LT622246	4127681	4169514	28116	puldb_dbcan_dbcan	merged	201844	85713	42.46497294940647	false	Bacteria	Bacteroidota	Bacteroidia	Bacteroidales	Bacteroidaceae	Bacteroides	Bacteroides ovatus
269_270_271	LT622246	1658057	1720735		puldb	merged	243546	104271	42.81367790889606	false	Bacteria	Bacteroidota	Bacteroidia	Bacteroidales	Bacteroidaceae	Bacteroides	Bacteroides ovatus
272_273_274_PUL0418	LT622246	804823	854073	28116	puldb_dbcan	merged	267235	152343	57.007128557262334	false	Bacteria	Bacteroidota	Bacteroidia	Bacteroidales	Bacteroidaceae	Bacteroides	Bacteroides ovatus
277	LT622246	959465	1012876		puldb		267235	152343	57.007128557262334	false	Bacteria	Bacteroidota	Bacteroidia	Bacteroidales	Bacteroidaceae	Bacteroides	Bacteroides ovatus
278	LT622246	4831518	4844133		puldb		388389	12616	3.2482897301416878	false	Bacteria	Bacteroidota	Bacteroidia	Bacteroidales	Bacteroidaceae	Bacteroides	Bacteroides ovatus
279_280_346_281_PUL0419_PUL0527_PUL0063	LT622246	1046255	1116323	28116	puldb_dbcan_dbcan_dbcan	merged	428982	287563	67.03381493862213	false	Bacteria	Bacteroidota	Bacteroidia	Bacteroidales	Bacteroidaceae	Bacteroides	Bacteroides ovatus
282	LT622246	1138681	1191567		puldb		428982	287563	67.03381493862213	false	Bacteria	Bacteroidota	Bacteroidia	Bacteroidales	Bacteroidaceae	Bacteroides	Bacteroides ovatus
283	LT622246	1196096	1210858		puldb		428982	287563	67.03381493862213	false	Bacteria	Bacteroidota	Bacteroidia	Bacteroidales	Bacteroidaceae	Bacteroides	Bacteroides ovatus
284_285_PUL0528_PUL0674	LT622246	1212061	1250861	28116	puldb_dbcan_dbcan	merged	428982	287563	67.03381493862213	false	Bacteria	Bacteroidota	Bacteroidia	Bacteroidales	Bacteroidaceae	Bacteroides	Bacteroides ovatus
286	LT622246	1271822	1286184		puldb		428982	287563	67.03381493862213	false	Bacteria	Bacteroidota	Bacteroidia	Bacteroidales	Bacteroidaceae	Bacteroides	Bacteroides ovatus
287	LT622246	1289214	1322217		puldb		428982	287563	67.03381493862213	false	Bacteria	Bacteroidota	Bacteroidia	Bacteroidales	Bacteroidaceae	Bacteroides	Bacteroides ovatus
288	LT622246	1325968	1336132		puldb		428982	287563	67.03381493862213	false	Bacteria	Bacteroidota	Bacteroidia	Bacteroidales	Bacteroidaceae	Bacteroides	Bacteroides ovatus
289_290	LT622246	1364546	1401532		puldb	merged	428982	287563	67.03381493862213	false	Bacteria	Bacteroidota	Bacteroidia	Bacteroidales	Bacteroidaceae	Bacteroides	Bacteroides ovatus
291	LT622246	1414806	1431334		puldb		428982	287563	67.03381493862213	false	Bacteria	Bacteroidota	Bacteroidia	Bacteroidales	Bacteroidaceae	Bacteroides	Bacteroides ovatus
292_293	LT622246	254436	284749		puldb	merged	426007	135004	31.69055907532036	false	Bacteria	Bacteroidota	Bacteroidia	Bacteroidales	Bacteroidaceae	Bacteroides	Bacteroides ovatus
294	LT622246	157516	164455		puldb		426007	135004	31.69055907532036	false	Bacteria	Bacteroidota	Bacteroidia	Bacteroidales	Bacteroidaceae	Bacteroides	Bacteroides ovatus
295	LT622246	136107	149454		puldb		426007	135004	31.69055907532036	false	Bacteria	Bacteroidota	Bacteroidia	Bacteroidales	Bacteroidaceae	Bacteroides	Bacteroides ovatus
296	LT622246	103215	121805		puldb		426007	135004	31.69055907532036	false	Bacteria	Bacteroidota	Bacteroidia	Bacteroidales	Bacteroidaceae	Bacteroides	Bacteroides ovatus
297	LT622246	71234	92437		puldb		426007	135004	31.69055907532036	false	Bacteria	Bacteroidota	Bacteroidia	Bacteroidales	Bacteroidaceae	Bacteroides	Bacteroides ovatus
298	LT622246	47513	54798		puldb		426007	135004	31.69055907532036	false	Bacteria	Bacteroidota	Bacteroidia	Bacteroidales	Bacteroidaceae	Bacteroides	Bacteroides ovatus
299	LT622246	29875	37565		puldb		426007	135004	31.69055907532036	false	Bacteria	Bacteroidota	Bacteroidia	Bacteroidales	Bacteroidaceae	Bacteroides	Bacteroides ovatus
300	LT622246	6415658	6433327		puldb		426007	135004	31.69055907532036	false	Bacteria	Bacteroidota	Bacteroidia	Bacteroidales	Bacteroidaceae	Bacteroides	Bacteroides ovatus
301	LT622246	6378142	6390103		puldb		426007	135004	31.69055907532036	false	Bacteria	Bacteroidota	Bacteroidia	Bacteroidales	Bacteroidaceae	Bacteroides	Bacteroides ovatus
302	LT622246	1914242	1923580		puldb		507553	313167	61.70133956453809	false	Bacteria	Bacteroidota	Bacteroidia	Bacteroidales	Bacteroidaceae	Bacteroides	Bacteroides ovatus
303	LT622246	1940230	1961435		puldb		507553	313167	61.70133956453809	false	Bacteria	Bacteroidota	Bacteroidia	Bacteroidales	Bacteroidaceae	Bacteroides	Bacteroides ovatus
304_305_PUL0420	LT622246	1995520	2034741	28116	puldb_dbcan	merged	507553	313167	61.70133956453809	false	Bacteria	Bacteroidota	Bacteroidia	Bacteroidales	Bacteroidaceae	Bacteroides	Bacteroides ovatus
3068_PUL0189	FP929033	735268	775130	371601	puldb_dbcan	merged	5976145	290475	4.860574835449943	false	Bacteria	Bacteroidota	Bacteroidia	Bacteroidales	Bacteroidaceae	Bacteroides	Bacteroides xylanisolvens
3069_PUL0190	FP929033	1840730	1873020	371601	puldb_dbcan	merged	5976145	290475	4.860574835449943	false	Bacteria	Bacteroidota	Bacteroidia	Bacteroidales	Bacteroidaceae	Bacteroides	Bacteroides xylanisolvens
306_347_PUL0044	LT622246	2041764	2109242	28116	puldb_dbcan	merged	507553	313167	61.70133956453809	false	Bacteria	Bacteroidota	Bacteroidia	Bacteroidales	Bacteroidaceae	Bacteroides	Bacteroides ovatus
307	LT622246	2122781	2132019		puldb		507553	313167	61.70133956453809	false	Bacteria	Bacteroidota	Bacteroidia	Bacteroidales	Bacteroidaceae	Bacteroides	Bacteroides ovatus
3070_PUL0191	FP929033	3987941	4011183	371601	puldb_dbcan	merged	5976145	290475	4.860574835449943	false	Bacteria	Bacteroidota	Bacteroidia	Bacteroidales	Bacteroidaceae	Bacteroides	Bacteroides xylanisolvens
3071_PUL0192_3072_PUL0193	FP929033	4023208	4142706	371601	puldb_dbcan_puldb_dbcan	merged	5976145	290475	4.860574835449943	false	Bacteria	Bacteroidota	Bacteroidia	Bacteroidales	Bacteroidaceae	Bacteroides	Bacteroides xylanisolvens
3073	FP929033	5525323	5535428		puldb		5976145	290475	4.860574835449943	false	Bacteria	Bacteroidota	Bacteroidia	Bacteroidales	Bacteroidaceae	Bacteroides	Bacteroides xylanisolvens
308_309_PUL0421_PUL0714	LT622246	2176102	2214046	28116	puldb_dbcan_dbcan	merged	507553	313167	61.70133956453809	false	Bacteria	Bacteroidota	Bacteroidia	Bacteroidales	Bacteroidaceae	Bacteroides	Bacteroides ovatus
310_PUL0422	LT622246	2240462	2251529	28116	puldb_dbcan	merged	507553	313167	61.70133956453809	false	Bacteria	Bacteroidota	Bacteroidia	Bacteroidales	Bacteroidaceae	Bacteroides	Bacteroides ovatus
311	LT622246	2252514	2269733		puldb		507553	313167	61.70133956453809	false	Bacteria	Bacteroidota	Bacteroidia	Bacteroidales	Bacteroidaceae	Bacteroides	Bacteroides ovatus
312	LT622246	2273938	2292951		puldb		507553	313167	61.70133956453809	false	Bacteria	Bacteroidota	Bacteroidia	Bacteroidales	Bacteroidaceae	Bacteroides	Bacteroides ovatus
313	LT622246	2300654	2312804		puldb		507553	313167	61.70133956453809	false	Bacteria	Bacteroidota	Bacteroidia	Bacteroidales	Bacteroidaceae	Bacteroides	Bacteroides ovatus
314	LT622246	2318163	2341649		puldb		507553	313167	61.70133956453809	false	Bacteria	Bacteroidota	Bacteroidia	Bacteroidales	Bacteroidaceae	Bacteroides	Bacteroides ovatus
315_316	LT622246	2342475	2388266		puldb	merged	507553	313167	61.70133956453809	false	Bacteria	Bacteroidota	Bacteroidia	Bacteroidales	Bacteroidaceae	Bacteroides	Bacteroides ovatus
317	LT622246	5305203	5317768		puldb		491071	78202	15.924784807084922	false	Bacteria	Bacteroidota	Bacteroidia	Bacteroidales	Bacteroidaceae	Bacteroides	Bacteroides ovatus
320	LT622246	5571184	5582272		puldb		555155	170616	30.733038520773476	false	Bacteria	Bacteroidota	Bacteroidia	Bacteroidales	Bacteroidaceae	Bacteroides	Bacteroides ovatus
321	LT622246	5612073	5629811		puldb		555155	170616	30.733038520773476	false	Bacteria	Bacteroidota	Bacteroidia	Bacteroidales	Bacteroidaceae	Bacteroides	Bacteroides ovatus
322	LT622246	5685570	5698339		puldb		555155	170616	30.733038520773476	false	Bacteria	Bacteroidota	Bacteroidia	Bacteroidales	Bacteroidaceae	Bacteroides	Bacteroides ovatus
323	LT622246	5739606	5748964		puldb		555155	170616	30.733038520773476	false	Bacteria	Bacteroidota	Bacteroidia	Bacteroidales	Bacteroidaceae	Bacteroides	Bacteroides ovatus
324_PUL0747	LT622246	5802432	5824474	28116	puldb_dbcan	merged	555155	170616	30.733038520773476	false	Bacteria	Bacteroidota	Bacteroidia	Bacteroidales	Bacteroidaceae	Bacteroides	Bacteroides ovatus
325	LT622246	5832222	5843446		puldb		555155	170616	30.733038520773476	false	Bacteria	Bacteroidota	Bacteroidia	Bacteroidales	Bacteroidaceae	Bacteroides	Bacteroides ovatus
326_PUL0045	LT622246	5845358	5868288	28116	puldb_dbcan	merged	555155	170616	30.733038520773476	false	Bacteria	Bacteroidota	Bacteroidia	Bacteroidales	Bacteroidaceae	Bacteroides	Bacteroides ovatus
327	LT622246	5869608	5883778		puldb		555155	170616	30.733038520773476	false	Bacteria	Bacteroidota	Bacteroidia	Bacteroidales	Bacteroidaceae	Bacteroides	Bacteroides ovatus
328	LT622246	5899880	5907167		puldb		555155	170616	30.733038520773476	false	Bacteria	Bacteroidota	Bacteroidia	Bacteroidales	Bacteroidaceae	Bacteroides	Bacteroides ovatus
329	LT622246	5953935	5974843		puldb		555155	170616	30.733038520773476	false	Bacteria	Bacteroidota	Bacteroidia	Bacteroidales	Bacteroidaceae	Bacteroides	Bacteroides ovatus
330_PUL0425	LT622246	5986343	6007432	28116	puldb_dbcan	merged	555155	170616	30.733038520773476	false	Bacteria	Bacteroidota	Bacteroidia	Bacteroidales	Bacteroidaceae	Bacteroides	Bacteroides ovatus
332	LT622246	2859197	2898264		puldb		1147684	409058	35.642040840510106	false	Bacteria	Bacteroidota	Bacteroidia	Bacteroidales	Bacteroidaceae	Bacteroides	Bacteroides ovatus
333_PUL0529	LT622246	2917248	2975148	28116	puldb_dbcan	merged	1147684	409058	35.642040840510106	false	Bacteria	Bacteroidota	Bacteroidia	Bacteroidales	Bacteroidaceae	Bacteroides	Bacteroides ovatus
334_PUL0787	LT622246	2988777	3050519	28116	puldb_dbcan	merged	1147684	409058	35.642040840510106	false	Bacteria	Bacteroidota	Bacteroidia	Bacteroidales	Bacteroidaceae	Bacteroides	Bacteroides ovatus
335_PUL0788	LT622246	3054555	3105962	28116	puldb_dbcan	merged	1147684	409058	35.642040840510106	false	Bacteria	Bacteroidota	Bacteroidia	Bacteroidales	Bacteroidaceae	Bacteroides	Bacteroides ovatus
336	LT622246	3233942	3253078		puldb		1147684	409058	35.642040840510106	false	Bacteria	Bacteroidota	Bacteroidia	Bacteroidales	Bacteroidaceae	Bacteroides	Bacteroides ovatus
337_338	LT622246	3280345	3307007		puldb	merged	1147684	409058	35.642040840510106	false	Bacteria	Bacteroidota	Bacteroidia	Bacteroidales	Bacteroidaceae	Bacteroides	Bacteroides ovatus
339	LT622246	3387020	3394306		puldb		1147684	409058	35.642040840510106	false	Bacteria	Bacteroidota	Bacteroidia	Bacteroidales	Bacteroidaceae	Bacteroides	Bacteroides ovatus
340_341_348_PUL0306_PUL0566_PUL0427	LT622246	3571665	3629656	28116	puldb_dbcan_dbcan_dbcan	merged	1147684	409058	35.642040840510106	false	Bacteria	Bacteroidota	Bacteroidia	Bacteroidales	Bacteroidaceae	Bacteroides	Bacteroides ovatus
342	LT622246	3670087	3676801		puldb		1147684	409058	35.642040840510106	false	Bacteria	Bacteroidota	Bacteroidia	Bacteroidales	Bacteroidaceae	Bacteroides	Bacteroides ovatus
343	LT622246	3687337	3705481		puldb		1147684	409058	35.642040840510106	false	Bacteria	Bacteroidota	Bacteroidia	Bacteroidales	Bacteroidaceae	Bacteroides	Bacteroides ovatus
344	LT622246	3709073	3724737		puldb		1147684	409058	35.642040840510106	false	Bacteria	Bacteroidota	Bacteroidia	Bacteroidales	Bacteroidaceae	Bacteroides	Bacteroides ovatus
345_PUL0789	LT622246	3747702	3766894	28116	puldb_dbcan	merged	1147684	409058	35.642040840510106	false	Bacteria	Bacteroidota	Bacteroidia	Bacteroidales	Bacteroidaceae	Bacteroides	Bacteroides ovatus
PUL0055	GL945092	21043	32944	457387	dbcan		609109	11901	1.9538374904984166	false	Bacteria	Bacteroidota	Bacteroidia	Bacteroidales	Bacteroidaceae	Bacteroides	Bacteroides xylanisolvens
PUL0178_PUL0167_275_276_PUL0565	LT622246	880968	932658	28116	dbcan_puldb_dbcan	merged	267235	36872	13.797593878047412	false	Bacteria	Bacteroidota	Bacteroidia	Bacteroidales	Bacteroidaceae	Bacteroides	Bacteroides ovatus
PUL0179	JH724241	777587	798381	28116	dbcan		3664698	20794	0.5674137405046746	false	Bacteria	Bacteroidota	Bacteroidia	Bacteroidales	Bacteroidaceae	Bacteroides	Bacteroides ovatus
PUL0326	LT622246	2698982	2711347	28116	dbcan		1147684	12367	1.0775614193453946	false	Bacteria	Bacteroidota	Bacteroidia	Bacteroidales	Bacteroidaceae	Bacteroides	Bacteroides ovatus
PUL0392	FP929033	5671246	5693505	371601	dbcan		5976145	290475	4.860574835449943	false	Bacteria	Bacteroidota	Bacteroidia	Bacteroidales	Bacteroidaceae	Bacteroides	Bacteroides xylanisolvens
PUL0553	FP929033	3588797	3632016	371601	dbcan		5976145	290475	4.860574835449943	false	Bacteria	Bacteroidota	Bacteroidia	Bacteroidales	Bacteroidaceae	Bacteroides	Bacteroides xylanisolvens
PUL0618	JABKKG010000006	163785	179147	2736291	dbcan		217139	15362	7.074730932720516	false	Bacteria	Bacteroidota	Bacteroidia	Bacteroidales	Bacteroidaceae	Prevotella	Prevotella intestinalis
PUL0718	NZ_CP113514	6031188	6049179	28116	dbcan		6743055	17991	0.26680784896460136	false	Bacteria	Bacteroidota	Bacteroidia	Bacteroidales	Bacteroidaceae	Bacteroides	Bacteroides ovatus
PUL0786_319	LT622246	4453647	4506924	28116	dbcan_puldb	merged	6472489	423946	6.549968644210906	false	Bacteria	Bacteroidota	Bacteroidia	Bacteroidales	Bacteroidaceae	Bacteroides	Bacteroides ovatus
PUL0790_239	LT622246	4548051	4573792	28116	dbcan_puldb	merged	6472489	423946	6.549968644210906	false	Bacteria	Bacteroidota	Bacteroidia	Bacteroidales	Bacteroidaceae	Bacteroides	Bacteroides ovatus
PUL0791	LT622246	4611046	4627482	28116	dbcan		6472489	423946	6.549968644210906	false	Bacteria	Bacteroidota	Bacteroidia	Bacteroidales	Bacteroidaceae	Bacteroides	Bacteroides ovatus
PUL0793	NZ_ABJL02000006	46951	77011	329854	dbcan		574965	30060	5.228144321828285	false	Bacteria	Bacteroidota	Bacteroidia	Bacteroidales	Bacteroidaceae	Bacteroides	Bacteroides intestinalis
PUL0663	NZ_DS990123	30514	46197	310297	dbcan		147256	15683	10.650160265116531	false	Bacteria	Bacteroidota	Bacteroidia	Bacteroidales	Bacteroidaceae	Phocaeicola	Phocaeicola plebeius
PUL0664	NZ_DS990119	268931	297885	310297	dbcan		571288	28954	5.068196776406996	false	Bacteria	Bacteroidota	Bacteroidia	Bacteroidales	Bacteroidaceae	Phocaeicola	Phocaeicola plebeius
PUL0098	NZ_DS990126	30380	44393	310297	dbcan		123012	44334	36.04038630377524	false	Bacteria	Bacteroidota	Bacteroidia	Bacteroidales	Bacteroidaceae	Phocaeicola	Phocaeicola plebeius
PUL0101	NZ_DS990126	54056	84377	310297	dbcan		123012	44334	36.04038630377524	false	Bacteria	Bacteroidota	Bacteroidia	Bacteroidales	Bacteroidaceae	Phocaeicola	Phocaeicola plebeius
PUL0105	LR131284	577	44510	77133	dbcan		44544	43933	98.62832255747126	false	Bacteria	Bacteroidota	Bacteroidia	Bacteroidales	Bacteroidaceae	Phocaeicola	Phocaeicola plebeius
10363_PUL0587	CP019300	699265	706680	28131	puldb_dbcan	merged	1965935	7415	0.37717421990045447	false	Bacteria	Bacteroidota	Bacteroidia	Bacteroidales	Bacteroidaceae	Prevotella	Prevotella intermedia
3602_PUL0225	NZ_ABQC02000019	71558	133837	310297	puldb_dbcan	merged	760260	62279	8.19180280430379	false	Bacteria	Bacteroidota	Bacteroidia	Bacteroidales	Bacteroidaceae	Phocaeicola	Phocaeicola plebeius
PUL0097_PUL0096	NZ_KB905472	535723	570461	204516	dbcan	merged	3116102	25488	0.8179449838291558	false	Bacteria	Bacteroidota	Bacteroidia	Bacteroidales	Bacteroidaceae	Phocaeicola	Phocaeicola massiliensis
PUL0239	JX424618	10820	37418	1231727	dbcan		37675	26598	70.5985401459854	false	Bacteria	Bacteroidota	Bacteroidia	Bacteroidales	Bacteroidaceae	Prevotella	Prevotella bryantii
PUL0411	CP091797	108100	110252	77095	dbcan		1104623	2152	0.19481759840235086	true	Bacteria	Bacteroidota	Bacteroidia	Bacteroidales	Bacteroidaceae	Prevotella	Prevotella bryantii
PUL0456_1	CP091800	811569	817528	77095	dbcan		1144609	24154	2.1102402654530934	false	Bacteria	Bacteroidota	Bacteroidia	Bacteroidales	Bacteroidaceae	Prevotella	Prevotella bryantii
PUL0456_2	CP091800	49194	67389	77095	dbcan		1144609	24154	2.1102402654530934	false	Bacteria	Bacteroidota	Bacteroidia	Bacteroidales	Bacteroidaceae	Prevotella	Prevotella bryantii
PUL0614	JABKKG010000004	10910	19195	2736291	dbcan		403616	19594	4.854614286846904	false	Bacteria	Bacteroidota	Bacteroidia	Bacteroidales	Bacteroidaceae	Prevotella	Prevotella intestinalis
PUL0615	JABKKG010000004	347323	358632	2736291	dbcan		403616	19594	4.854614286846904	false	Bacteria	Bacteroidota	Bacteroidia	Bacteroidales	Bacteroidaceae	Prevotella	Prevotella intestinalis
PUL0623	JABKKF010000001	275500	306619	2736291	dbcan		586828	61158	10.421793097807194	false	Bacteria	Bacteroidota	Bacteroidia	Bacteroidales	Bacteroidaceae	Prevotella	Prevotella muris
PUL0624	JABKKF010000001	437271	467310	2736291	dbcan		586828	61158	10.421793097807194	false	Bacteria	Bacteroidota	Bacteroidia	Bacteroidales	Bacteroidaceae	Prevotella	Prevotella muris
